Function,F-statistic,p-value
Sphere,605.0791140770637,5.569323330157932e-108
Rosenbrock,427.0182502925192,1.1295538501261818e-95
Rastrigin,777.6919459432263,5.368848338641763e-117
Griewank,451.68341550539185,1.2292088439305835e-97
Ackley,951.0359323516575,2.6802852968048953e-124
Schwefel 2.22,4.403326557043723,0.0008433316610839912
