algo,mean_rank
CA-v3,2.0
GA,2.1666666666666665
CA-v2,2.2083333333333335
PSO,4.375
GWO,4.416666666666667
WOA,5.833333333333333
