algo,mean_rank
L-SHADE,1.7586206896551724
CMA-ES,2.2758620689655173
CA,3.6206896551724137
CA-static,3.896551724137931
GA,4.137931034482759
PSO,6.0344827586206895
GWO,6.413793103448276
WOA,7.862068965517241
