algo,mean_rank
CA-v3,2.0
CA-v2,2.2857142857142856
GWO,3.142857142857143
PSO,3.7142857142857144
GA,4.285714285714286
WOA,5.571428571428571
