algo,mean_rank
L-SHADE,1.5714285714285714
CMA-ES,2.142857142857143
CA,3.7142857142857144
CA-static,4.142857142857143
GWO,5.0
PSO,5.714285714285714
GA,6.142857142857143
WOA,7.571428571428571
