Algorithm,Mean delay (veh-h/h),Std,Best,Worst
CA,169.96325090416116,4.871305631077365,166.5254476184816,179.14873260921595
CA-static,170.8266246982585,5.0724855385530985,166.52538537169238,178.53289011089274
GA,171.16016762822807,4.894675758768868,166.52622017392468,178.4695545924335
PSO,169.49116174582213,3.6661654034897073,166.52630328957036,179.94638823102073
GWO,170.5064510851982,2.817739763930404,166.7387306562488,177.9869723900382
